{
    "fileFormatVersion": "1",
    "parameterSets": {
        "New set 1": {
            "box_corner_attachments_only": "true",
            "cavity_floor_radius": "-1",
            "center_magnet_size": "[0, 0]",
            "chamber_wall_thickness": "1.2",
            "chamber_wall_zClearance": "0",
            "cutx": "0",
            "cuty": "0",
            "depth": "[3, 0]",
            "efficient_floor": "off",
            "enable_help": "disabled",
            "enable_magnets": "true",
            "enable_screws": "true",
            "extension_tab_size": "[10, 0, 0, 0]",
            "extension_tabs_enabled": "true",
            "extension_x_enabled": "disabled",
            "extension_x_position": "0.5",
            "extension_y_enabled": "disabled",
            "extension_y_position": "0.5",
            "fa": "6",
            "filled_in": "disabled",
            "fingerslide": "none",
            "fingerslide_radius": "8",
            "fingerslide_walls": "[1, 0, 0, 0]",
            "flat_base": "false",
            "floor_thickness": "0.69999999999999996",
            "fn": "0",
            "fs": "0.10000000000000001",
            "half_pitch": "false",
            "height": "[3, 0]",
            "hole_overhang_remedy": "2",
            "horizontal_chambers": "1",
            "horizontal_irregular_subdivisions": "false",
            "horizontal_separator_bend_angle": "0",
            "horizontal_separator_bend_position": "0",
            "horizontal_separator_bend_separation": "0",
            "horizontal_separator_config": "10.5|21|42|50|60",
            "horizontal_separator_cut_depth": "0",
            "itemholder_auto_bin_height": "true",
            "itemholder_compartment_centered": "true",
            "itemholder_compartment_fill": "space",
            "itemholder_compartment_spacing": "3",
            "itemholder_compartments": "[1, 1]",
            "itemholder_customcompartments": "",
            "itemholder_enable_sample": "false",
            "itemholder_grid_style": "auto",
            "itemholder_hole_base_shape": "round",
            "itemholder_hole_chamfer": "1",
            "itemholder_hole_clearance": "0.25",
            "itemholder_hole_depth": "0",
            "itemholder_hole_diameter": "5",
            "itemholder_hole_gridx": "0",
            "itemholder_hole_gridy": "0",
            "itemholder_hole_sides": "4",
            "itemholder_hole_size": "[20, 25]",
            "itemholder_hole_spacing": "2",
            "itemholder_known_batteries": "custom",
            "itemholder_known_cards": "custom",
            "itemholder_known_cartridges": "mattelintellivision",
            "itemholder_known_cell_batteries": "custom",
            "itemholder_known_tools": "custom",
            "itemholder_multi_card_compact": "0.69999999999999996",
            "itemholder_multi_cards": "sd,usba,microsd",
            "itemholder_sample_wall_thickness": "3",
            "label_position": "left",
            "label_relief": "[0, 0, 0, 0.6]",
            "label_size": "[0, 14, 0, 0.6]",
            "label_style": "disabled",
            "label_walls": "[0, 1, 0, 0]",
            "lip_style": "normal",
            "magnet_easy_release": "auto",
            "magnet_size": "[6.5, 2.4]",
            "random_seed": "0",
            "render_position": "center",
            "screw_size": "[3, 6]",
            "set_colour": "enable",
            "sliding_clearance": "0.10000000000000001",
            "sliding_lid_enabled": "false",
            "sliding_lid_lip_enabled": "false",
            "sliding_lid_thickness": "0",
            "sliding_min_support": "0",
            "sliding_min_wallThickness": "0",
            "spacer": "false",
            "tapered_corner": "none",
            "tapered_corner_size": "10",
            "tapered_setback": "-1",
            "text_1": "true",
            "text_2": "false",
            "text_2_text": "Gridfinity",
            "text_depth": "0.29999999999999999",
            "text_font": "Aldo",
            "text_size": "6",
            "vertical_chambers": "1",
            "vertical_irregular_subdivisions": "false",
            "vertical_separator_bend_angle": "0",
            "vertical_separator_bend_position": "0",
            "vertical_separator_bend_separation": "0",
            "vertical_separator_config": "10.5|21|42|50|60",
            "vertical_separator_cut_depth": "0",
            "wall_thickness": "0",
            "wallcutout_horizontal": "disabled",
            "wallcutout_horizontal_angle": "70",
            "wallcutout_horizontal_corner_radius": "5",
            "wallcutout_horizontal_height": "0",
            "wallcutout_horizontal_position": "-2",
            "wallcutout_horizontal_width": "0",
            "wallcutout_vertical": "disabled",
            "wallcutout_vertical_angle": "70",
            "wallcutout_vertical_corner_radius": "5",
            "wallcutout_vertical_height": "0",
            "wallcutout_vertical_position": "-2",
            "wallcutout_vertical_width": "0",
            "wallpattern_dividers_enabled": "disabled",
            "wallpattern_enabled": "false",
            "wallpattern_fill": "crop",
            "wallpattern_hole_radius": "0.5",
            "wallpattern_hole_sides": "6",
            "wallpattern_hole_size": "[5, 5]",
            "wallpattern_hole_spacing": "2",
            "wallpattern_pattern_quality": "0.40000000000000002",
            "wallpattern_pattern_variable": "0.75",
            "wallpattern_style": "gridrotated",
            "wallpattern_walls": "[1, 1, 1, 1]",
            "width": "[4, 0]",
            "zClearance": "0"
        }
    }
}
